Valor,Indice
0,500500
0.001,498913
0.002,497427
0.003,496008
0.004,494453
0.005,492938
0.006,491489
0.007,490029
0.008,488477
0.009,487018
0.01,485955
0.011,483964
0.012,482363
0.013,480831
0.014,479476
0.015,477907
0.016,476605
0.017,474958
0.018,473672
0.019,472015
0.02,470454
0.021,469194
0.022,467406
0.023,465964
0.024,464636
0.025,463028
0.026,461550
0.027,460285
0.028,458834
0.029,457138
0.03,455710
0.031,453988
0.032,452360
0.033,450723
0.034,449283
0.035,448041
0.036,446838
0.037,444834
0.038,443706
0.039,442330
0.04,440716
0.041,439095
0.042,437504
0.043,436351
0.044,434405
0.045,433236
0.046,431706
0.047,429756
0.048,429233
0.049,427218
0.05,425652
0.051,424384
0.052,422719
0.053,421614
0.054,419754
0.055,418231
0.056,417097
0.057,415558
0.058,414530
0.059,412765
0.06,411149
0.061,409203
0.062,407561
0.063,406396
0.064,405268
0.065,402985
0.066,402120
0.067,400234
0.068,398577
0.069,397339
0.07,395923
0.071,394183
0.072,393168
0.073,391323
0.074,390092
0.075,388935
0.076,387293
0.077,385568
0.078,384215
0.079,382789
0.08,381743
0.081,380052
0.082,378637
0.083,377192
0.084,375350
0.085,374105
0.086,372385
0.087,370864
0.088,368863
0.089,367877
0.09,365823
0.091,364326
0.092,363583
0.093,362101
0.094,360674
0.095,358772
0.096,357907
0.097,355891
0.098,355160
0.099,353037
0.1,351475
0.101,350852
0.102,348838
0.103,347064
0.104,346300
0.105,345148
0.106,342338
0.107,341304
0.108,340429
0.109,338639
0.11,337603
0.111,335339
0.112,334462
0.113,333037
0.114,331776
0.115,330295
0.116,328853
0.117,326594
0.118,325452
0.119,323600
0.12,323161
0.121,321605
0.122,320401
0.123,318180
0.124,317203
0.125,314986
0.126,313621
0.127,313239
0.128,311277
0.129,309907
0.13,308432
0.131,306876
0.132,305460
0.133,304113
0.134,301896
0.135,301034
0.136,299581
0.137,298755
0.138,297373
0.139,295177
0.14,294105
0.141,292897
0.142,290865
0.143,289819
0.144,288434
0.145,287571
0.146,285622
0.147,284589
0.148,282984
0.149,281820
0.15,280044
0.151,278327
0.152,276735
0.153,276502
0.154,275133
0.155,272527
0.156,272122
0.157,269850
0.158,268488
0.159,267068
0.16,266106
0.161,264125
0.162,263756
0.163,261426
0.164,260592
0.165,258288
0.166,258223
0.167,256098
0.168,254961
0.169,253989
0.17,252431
0.171,250563
0.172,249521
0.173,247849
0.174,247241
0.175,244847
0.176,243576
0.177,242510
0.178,240781
0.179,240122
0.18,238797
0.181,236420
0.182,234903
0.183,234353
0.184,233401
0.185,232003
0.186,229996
0.187,228848
0.188,228214
0.189,225921
0.19,224320
0.191,223986
0.192,221895
0.193,221069
0.194,219499
0.195,217719
0.196,217916
0.197,215593
0.198,214872
0.199,212840
0.2,211447
0.201,210584
0.202,209584
0.203,208460
0.204,206270
0.205,205690
0.206,203767
0.207,202223
0.208,201324
0.209,198995
0.21,198950
0.211,197208
0.212,196290
0.213,195162
0.214,193999
0.215,191133
0.216,191402
0.217,189448
0.218,187672
0.219,186761
0.22,185783
0.221,184828
0.222,183779
0.223,181721
0.224,181006
0.225,179414
0.226,178166
0.227,178019
0.228,175946
0.229,175484
0.23,174190
0.231,171897
0.232,170821
0.233,169076
0.234,168313
0.235,166739
0.236,166221
0.237,164895
0.238,163669
0.239,162431
0.24,161745
0.241,159781
0.242,158673
0.243,157522
0.244,156597
0.245,154541
0.246,154087
0.247,153034
0.248,151693
0.249,149924
0.25,149144
0.251,148127
0.252,146820
0.253,145349
0.254,145116
0.255,143480
0.256,142359
0.257,141484
0.258,140728
0.259,139307
0.26,137787
0.261,136208
0.262,135194
0.263,134868
0.264,132696
0.265,132078
0.266,130419
0.267,130248
0.268,128449
0.269,128039
0.27,126551
0.271,125656
0.272,124642
0.273,123152
0.274,122735
0.275,121791
0.276,120012
0.277,119729
0.278,118094
0.279,116452
0.28,115995
0.281,115109
0.282,113902
0.283,112705
0.284,111166
0.285,109952
0.286,110154
0.287,108348
0.288,107578
0.289,105791
0.29,104822
0.291,104808
0.292,103590
0.293,102285
0.294,101258
0.295,100458
0.296,99118
0.297,98759
0.298,97569
0.299,96407
0.3,95718
0.301,94570
0.302,94152
0.303,92621
0.304,91129
0.305,90570
0.306,90524
0.307,89645
0.308,87977
0.309,88171
0.31,86272
0.311,85657
0.312,84849
0.313,83393
0.314,82244
0.315,81105
0.316,81404
0.317,79924
0.318,78993
0.319,78896
0.32,77514
0.321,77139
0.322,75620
0.323,75080
0.324,74480
0.325,72877
0.326,72295
0.327,71529
0.328,70972
0.329,70177
0.33,69260
0.331,68165
0.332,67961
0.333,66726
0.334,66323
0.335,65420
0.336,64497
0.337,63638
0.338,63424
0.339,62277
0.34,61423
0.341,61032
0.342,60756
0.343,58935
0.344,59553
0.345,57845
0.346,57837
0.347,56490
0.348,56257
0.349,55388
0.35,54987
0.351,54052
0.352,53610
0.353,53429
0.354,52276
0.355,52007
0.356,51489
0.357,50569
0.358,50265
0.359,48973
0.36,48867
0.361,48078
0.362,47468
0.363,47315
0.364,47256
0.365,46444
0.366,45415
0.367,45036
0.368,44275
0.369,44278
0.37,43138
0.371,43031
0.372,42479
0.373,41960
0.374,41493
0.375,41071
0.376,40508
0.377,40351
0.378,40045
0.379,39088
0.38,38788
0.381,38248
0.382,37935
0.383,36884
0.384,37102
0.385,36395
0.386,35908
0.387,36082
0.388,35412
0.389,34757
0.39,34525
0.391,34023
0.392,33460
0.393,33314
0.394,32809
0.395,32343
0.396,31907
0.397,31783
0.398,31047
0.399,31024
0.4,30540
0.401,30056
0.402,29704
0.403,29547
0.404,28967
0.405,29043
0.406,29004
0.407,28003
0.408,27998
0.409,27421
0.41,27434
0.411,26754
0.412,26558
0.413,26602
0.414,25972
0.415,25755
0.416,25208
0.417,24863
0.418,24648
0.419,24533
0.42,24354
0.421,24086
0.422,23709
0.423,23316
0.424,23173
0.425,23127
0.426,22836
0.427,22661
0.428,21951
0.429,21785
0.43,21222
0.431,21569
0.432,20959
0.433,20836
0.434,20381
0.435,20390
0.436,19921
0.437,20020
0.438,19554
0.439,19355
0.44,18946
0.441,19031
0.442,18504
0.443,18207
0.444,18175
0.445,17510
0.446,17632
0.447,17474
0.448,17641
0.449,17256
0.45,17138
0.451,16938
0.452,16554
0.453,16151
0.454,16193
0.455,15918
0.456,15818
0.457,15590
0.458,15385
0.459,15331
0.46,15237
0.461,14839
0.462,14398
0.463,14476
0.464,14255
0.465,14131
0.466,13857
0.467,13966
0.468,13548
0.469,13282
0.47,13347
0.471,12883
0.472,12729
0.473,12794
0.474,12683
0.475,12459
0.476,12265
0.477,12224
0.478,12034
0.479,11755
0.48,11936
0.481,11448
0.482,11355
0.483,11267
0.484,11201
0.485,10887
0.486,10933
0.487,10840
0.488,10524
0.489,10560
0.49,10264
0.491,10209
0.492,9929
0.493,9732
0.494,9722
0.495,9656
0.496,9632
0.497,9522
0.498,9252
0.499,9248
0.5,9222
0.501,9049
0.502,8802
0.503,8594
0.504,8707
0.505,8318
0.506,8423
0.507,8166
0.508,8078
0.509,8042
0.51,7953
0.511,7838
0.512,7805
0.513,7792
0.514,7646
0.515,7435
0.516,7397
0.517,7388
0.518,7284
0.519,6957
0.52,7039
0.521,6960
0.522,6808
0.523,6656
0.524,6671
0.525,6648
0.526,6270
0.527,6424
0.528,6366
0.529,6338
0.53,6041
0.531,6171
0.532,6056
0.533,5927
0.534,5768
0.535,5713
0.536,5642
0.537,5579
0.538,5595
0.539,5436
0.54,5347
0.541,5271
0.542,5199
0.543,5045
0.544,5024
0.545,5090
0.546,4955
0.547,4795
0.548,4711
0.549,4776
0.55,4635
0.551,4657
0.552,4529
0.553,4354
0.554,4386
0.555,4391
0.556,4409
0.557,4257
0.558,4232
0.559,3955
0.56,4053
0.561,3853
0.562,4001
0.563,3930
0.564,3759
0.565,3648
0.566,3707
0.567,3671
0.568,3641
0.569,3606
0.57,3498
0.571,3386
0.572,3436
0.573,3382
0.574,3276
0.575,3249
0.576,3238
0.577,3140
0.578,3121
0.579,3032
0.58,3116
0.581,2954
0.582,2906
0.583,2876
0.584,2972
0.585,2748
0.586,2820
0.587,2769
0.588,2640
0.589,2759
0.59,2513
0.591,2549
0.592,2432
0.593,2386
0.594,2503
0.595,2410
0.596,2414
0.597,2272
0.598,2295
0.599,2297
0.6,2334
0.601,2225
0.602,2249
0.603,2093
0.604,2031
0.605,1986
0.606,2057
0.607,2083
0.608,1943
0.609,1950
0.61,1999
0.611,1841
0.612,1866
0.613,1806
0.614,1802
0.615,1728
0.616,1780
0.617,1756
0.618,1736
0.619,1628
0.62,1688
0.621,1598
0.622,1549
0.623,1516
0.624,1585
0.625,1468
0.626,1506
0.627,1448
0.628,1442
0.629,1454
0.63,1391
0.631,1389
0.632,1387
0.633,1342
0.634,1270
0.635,1298
0.636,1287
0.637,1277
0.638,1216
0.639,1233
0.64,1105
0.641,1186
0.642,1183
0.643,1102
0.644,1093
0.645,1104
0.646,994
0.647,1012
0.648,1068
0.649,1033
0.65,989
0.651,1014
0.652,952
0.653,913
0.654,967
0.655,942
0.656,849
0.657,831
0.658,855
0.659,899
0.66,790
0.661,881
0.662,811
0.663,774
0.664,762
0.665,724
0.666,756
0.667,732
0.668,756
0.669,710
0.67,715
0.671,692
0.672,652
0.673,698
0.674,713
0.675,653
0.676,647
0.677,640
0.678,593
0.679,594
0.68,620
0.681,594
0.682,581
0.683,568
0.684,605
0.685,513
0.686,543
0.687,482
0.688,496
0.689,504
0.69,470
0.691,483
0.692,474
0.693,455
0.694,462
0.695,477
0.696,463
0.697,432
0.698,455
0.699,397
0.7,391
0.701,411
0.702,381
0.703,370
0.704,347
0.705,362
0.706,337
0.707,337
0.708,342
0.709,342
0.71,311
0.711,327
0.712,311
0.713,311
0.714,293
0.715,319
0.716,297
0.717,277
0.718,285
0.719,288
0.72,238
0.721,264
0.722,255
0.723,259
0.724,253
0.725,238
0.726,235
0.727,216
0.728,218
0.729,238
0.73,222
0.731,201
0.732,216
0.733,199
0.734,204
0.735,218
0.736,170
0.737,173
0.738,175
0.739,181
0.74,146
0.741,170
0.742,159
0.743,163
0.744,155
0.745,157
0.746,158
0.747,164
0.748,148
0.749,128
0.75,136
0.751,139
0.752,139
0.753,118
0.754,107
0.755,115
0.756,106
0.757,114
0.758,103
0.759,122
0.76,121
0.761,107
0.762,125
0.763,93
0.764,98
0.765,79
0.766,95
0.767,103
0.768,84
0.769,80
0.77,90
0.771,90
0.772,77
0.773,79
0.774,83
0.775,65
0.776,75
0.777,65
0.778,70
0.779,50
0.78,66
0.781,51
0.782,62
0.783,61
0.784,60
0.785,60
0.786,63
0.787,63
0.788,50
0.789,47
0.79,61
0.791,42
0.792,46
0.793,41
0.794,60
0.795,44
0.796,36
0.797,40
0.798,55
0.799,35
0.8,44
0.801,30
0.802,31
0.803,44
0.804,30
0.805,34
0.806,28
0.807,30
0.808,29
0.809,27
0.81,37
0.811,24
0.812,23
0.813,32
0.814,22
0.815,24
0.816,31
0.817,19
0.818,18
0.819,16
0.82,17
0.821,15
0.822,21
0.823,25
0.824,23
0.825,19
0.826,13
0.827,11
0.828,20
0.829,21
0.83,19
0.831,16
0.832,17
0.833,21
0.834,16
0.835,18
0.836,13
0.837,8
0.838,22
0.839,14
0.84,12
0.841,14
0.842,10
0.843,9
0.844,10
0.845,15
0.846,11
0.847,12
0.848,10
0.849,9
0.85,7
0.851,5
0.852,10
0.853,7
0.854,5
0.855,9
0.856,6
0.857,6
0.858,11
0.859,8
0.86,3
0.861,6
0.862,7
0.863,10
0.864,8
0.865,5
0.866,4
0.867,5
0.868,6
0.869,4
0.87,1
0.871,2
0.872,4
0.873,7
0.874,7
0.875,5
0.876,4
0.877,2
0.878,2
0.879,4
0.88,5
0.881,3
0.882,6
0.883,4
0.884,1
0.885,3
0.886,3
0.887,1
0.888,2
0.889,3
0.89,2
0.891,2
0.892,3
0.893,3
0.894,1
0.895,1
0.896,1
0.897,3
0.898,1
0.899,2
0.9,4
0.901,1
0.902,3
0.903,2
0.904,1
0.905,1
0.906,1
0.907,1
0.908,2
0.909,1
0.91,1
0.911,1
0.912,2
0.913,1
0.914,1
0.915,1
0.916,1
0.917,1
0.918,1
0.919,1
0.92,1
0.921,1
0.922,1
0.923,1
0.924,1
0.925,1
0.926,1
0.927,1
0.928,1
0.929,1
0.93,1
0.931,1
0.932,1
0.933,1
0.934,1
0.935,1
0.936,1
0.937,1
0.938,1
0.939,1
0.94,1
0.941,1
0.942,1
0.943,1
0.944,2
0.945,1
0.946,1
0.947,1
0.948,1
0.949,1
0.95,1
0.951,1
0.952,1
0.953,2
0.954,2
0.955,1
0.956,1
0.957,1
0.958,1
0.959,1
0.96,1
0.961,1
0.962,1
0.963,1
0.964,1
0.965,1
0.966,1
0.967,1
0.968,1
0.969,1
0.97,1
0.971,1
0.972,1
0.973,1
0.974,1
0.975,1
0.976,1
0.977,1
0.978,1
0.979,1
0.98,1
0.981,1
0.982,1
0.983,1
0.984,1
0.985,1
0.986,1
0.987,1
0.988,1
0.989,1
0.99,1
0.991,1
0.992,1
0.993,1
0.994,1
0.995,1
0.996,1
0.997,1
0.998,1
0.999,1
1,1
